left_out_color,sample_id,R_measured,G_measured,B_measured,L_corrected,a_corrected,b_corrected,L_ground_truth,a_ground_truth,b_ground_truth,delta_E,is_accurate
1,1,97,73,63,41.29605250499903,13.414690119810347,11.157534856932607,38.038760548131826,11.92668771006039,13.080158687298859,4.064552184040164,False
1,1,98,74,64,41.05271106371201,13.614656736059803,11.062851323093339,38.038760548131826,11.92668771006039,13.080158687298859,4.000333254214865,False
1,1,94,75,68,42.62970477668976,11.953675641344317,8.153641133106285,38.038760548131826,11.92668771006039,13.080158687298859,6.7340977472807735,False
1,1,97,80,73,44.404446108037796,11.534742100857192,9.724158785736597,38.038760548131826,11.92668771006039,13.080158687298859,7.206823804385324,False
1,1,102,84,79,46.09118696716557,11.830844288074358,8.62710800041359,38.038760548131826,11.92668771006039,13.080158687298859,9.202196347365119,False
1,1,100,75,63,42.17375174935849,13.399939960331873,12.917238965308815,38.038760548131826,11.92668771006039,13.080158687298859,4.3926264652216,False
1,1,98,74,64,41.30581024838848,13.198018002100842,11.547381174637975,38.038760548131826,11.92668771006039,13.080158687298859,3.8261339964415324,False
1,1,97,73,63,40.27817045223211,14.053842649190285,10.64669901002744,38.038760548131826,11.92668771006039,13.080158687298859,3.9321076860321447,False
1,1,97,73,63,42.21936806960459,12.49600769154951,11.340512930914464,38.038760548131826,11.92668771006039,13.080158687298859,4.563767286751557,False
1,1,98,74,66,39.33672753226833,14.656635677736112,10.895856586550575,38.038760548131826,11.92668771006039,13.080158687298859,3.7294114636841256,False
1,1,86,58,46,41.16833164633338,15.425597423684996,13.122413526407188,38.038760548131826,11.92668771006039,13.080158687298859,4.69450422453992,False
1,1,89,61,48,40.91620249627216,15.570358052559627,13.67033886318269,38.038760548131826,11.92668771006039,13.080158687298859,4.680204949543602,False
1,1,84,60,48,40.91845067291386,11.957990371804295,13.14318261641162,38.038760548131826,11.92668771006039,13.080158687298859,2.8805497890229654,False
1,1,92,68,56,44.40460473817741,11.954045779304579,12.484579925373499,38.038760548131826,11.92668771006039,13.080158687298859,6.39370274391502,False
1,1,97,77,65,48.33647258047828,9.635274648053647,11.039089712764222,38.038760548131826,11.92668771006039,13.080158687298859,10.745204022291801,False
1,1,83,58,46,38.527159680673726,14.355084720639482,12.376254159750115,38.038760548131826,11.92668771006039,13.080158687298859,2.575097539426569,False
1,1,88,62,49,40.45651265703374,14.606133885382869,13.1204486495747,38.038760548131826,11.92668771006039,13.080158687298859,3.609235424242939,False
1,1,86,62,50,42.37035345306765,11.786298698799294,12.993169870880592,38.038760548131826,11.92668771006039,13.080158687298859,4.334740271660471,False
1,1,84,60,50,41.497723722160245,13.33835967266383,11.574631775635117,38.038760548131826,11.92668771006039,13.080158687298859,4.027884711735077,False
1,1,85,61,51,41.65096270381833,13.420021028453784,11.483586773198956,38.038760548131826,11.92668771006039,13.080158687298859,4.2222139560025465,False
2,2,143,110,95,64.62067685523456,14.152929740655601,15.440556130221264,69.64880492592266,13.032038208673768,16.488008901967554,5.256959865811149,False
2,2,148,116,103,66.275190665233,13.749589789471784,14.179200595656415,69.64880492592266,13.032038208673768,16.488008901967554,4.150511925814177,False
2,2,142,117,112,65.85825544215687,14.480850047112025,8.25908199762608,69.64880492592266,13.032038208673768,16.488008901967554,9.175105401523782,False
2,2,139,114,107,64.95981810979788,14.479311492357866,8.363607592509727,69.64880492592266,13.032038208673768,16.488008901967554,9.491422125086306,False
2,2,140,117,111,66.66606527384229,11.946065334832378,8.569468076952578,69.64880492592266,13.032038208673768,16.488008901967554,8.531082095035817,False
2,2,171,131,115,70.20055498183325,14.667443369432938,17.126110340847738,69.64880492592266,13.032038208673768,16.488008901967554,1.8401498880080465,True
2,2,145,113,99,64.38475116131406,15.036900757359112,13.374942115263794,69.64880492592266,13.032038208673768,16.488008901967554,6.435908692196401,False
2,2,144,113,100,63.13057599323816,15.43663753666028,12.692504835032702,69.64880492592266,13.032038208673768,16.488008901967554,7.91677064649201,False
2,2,145,113,100,63.81326670076979,15.430437696661924,13.31887557341728,69.64880492592266,13.032038208673768,16.488008901967554,7.060398893499597,False
2,2,143,113,103,63.922545906831104,14.79881226151068,11.742828963533407,69.64880492592266,13.032038208673768,16.488008901967554,7.643838404599031,False
2,2,150,114,99,68.77624505618996,17.854906846783273,12.865622293981644,69.64880492592266,13.032038208673768,16.488008901967554,6.094514530661472,False
2,2,154,117,101,68.33152294772485,18.244343156898566,14.106254052839917,69.64880492592266,13.032038208673768,16.488008901967554,5.880145478193245,False
2,2,157,120,104,68.08126668511234,19.317826722272034,13.758305457511314,69.64880492592266,13.032038208673768,16.488008901967554,7.02990713087754,False
2,2,144,112,97,67.6400657479918,15.40920666441954,12.70608369493816,69.64880492592266,13.032038208673768,16.488008901967554,4.8978486321559,False
2,2,148,116,103,68.969201034091,16.045856851723663,11.598854981539649,69.64880492592266,13.032038208673768,16.488008901967554,5.783492916968378,False
2,2,140,106,91,66.79527551437717,15.01339384378995,14.077135194115813,69.64880492592266,13.032038208673768,16.488008901967554,4.228559127004449,False
2,2,141,108,93,66.76011498990258,15.656990190087704,13.889029733245838,69.64880492592266,13.032038208673768,16.488008901967554,4.689306470112835,False
2,2,139,107,94,66.70857314971393,14.518971580922319,13.501101007548804,69.64880492592266,13.032038208673768,16.488008901967554,4.44719602908114,False
2,2,140,108,94,65.68775129926712,16.641642425245838,13.036769744904792,69.64880492592266,13.032038208673768,16.488008901967554,6.374185450140211,False
2,2,140,107,94,67.74976108952085,14.123237686642003,13.840103322162445,69.64880492592266,13.032038208673768,16.488008901967554,3.436348025572629,False
3,3,77,103,128,56.70402656542266,0.10813167228794139,-27.55897163052451,55.144513424796244,0.4555750252551727,-27.329431031815112,1.614152101186082,True
3,3,80,104,130,56.87325685131562,1.6968830414492349,-26.90315370251278,55.144513424796244,0.4555750252551727,-27.329431031815112,2.1705095685757088,False
3,3,84,110,137,57.18988777307936,1.6271579425416214,-25.6697322756062,55.144513424796244,0.4555750252551727,-27.329431031815112,2.8828393500251495,False
3,3,85,111,137,57.230896810837756,3.6134367823350795,-26.045789578422895,55.144513424796244,0.4555750252551727,-27.329431031815112,3.9966012925040095,False
3,3,88,114,141,59.01892889752683,4.170991707831789,-24.691572293720967,55.144513424796244,0.4555750252551727,-27.329431031815112,5.981113199283425,False
3,3,78,104,129,54.36946738365481,3.750057512278783,-26.318863613805192,55.144513424796244,0.4555750252551727,-27.329431031815112,3.532075555468416,False
3,3,81,107,132,58.70658405948205,-1.3184803233739792,-26.271646368066364,55.144513424796244,0.4555750252551727,-27.329431031815112,4.11758764100446,False
3,3,83,109,132,55.80364797419823,1.40842296839598,-24.727559767246284,55.144513424796244,0.4555750252551727,-27.329431031815112,2.848176896604566,False
3,3,82,112,139,57.0199311222401,1.3422922000003166,-25.099918846632235,55.144513424796244,0.4555750252551727,-27.329431031815112,3.045354408234378,False
3,3,83,110,137,56.87326422350247,1.9475772140462417,-25.096766142890967,55.144513424796244,0.4555750252551727,-27.329431031815112,3.193656581666133,False
3,3,62,97,127,54.302306307073636,4.338265361541755,-33.50087820790498,55.144513424796244,0.4555750252551727,-27.329431031815112,7.339710983676637,False
3,3,66,102,134,53.60538474943208,5.794069668959669,-35.26339703233819,55.144513424796244,0.4555750252551727,-27.329431031815112,9.685879342509178,False
3,3,69,105,137,53.9614318465925,6.017219077992346,-35.287372836910166,55.144513424796244,0.4555750252551727,-27.329431031815112,9.780613700750651,False
3,3,68,99,128,55.90857117108825,3.577742806527798,-30.995474331930186,55.144513424796244,0.4555750252551727,-27.329431031815112,4.875611692126872,False
3,3,76,103,130,57.45488029467793,4.070465313355043,-28.993856053092774,55.144513424796244,0.4555750252551727,-27.329431031815112,4.601688550945272,False
3,3,71,104,135,56.08736377914538,3.4607049362080655,-32.9824577877327,55.144513424796244,0.4555750252551727,-27.329431031815112,6.471204221435152,False
3,3,72,105,136,54.52608885848487,6.363378124357866,-34.19118436625179,55.144513424796244,0.4555750252551727,-27.329431031815112,9.075695302545016,False
3,3,71,104,135,55.548374082557324,4.581644499928504,-32.85332995221375,55.144513424796244,0.4555750252551727,-27.329431031815112,6.906591925363731,False
3,3,70,105,137,54.452592675679405,6.5190480502819055,-34.829564515936674,55.144513424796244,0.4555750252551727,-27.329431031815112,9.669356841482617,False
3,3,69,104,136,55.65433597317597,5.353982008126795,-33.68650863509933,55.144513424796244,0.4555750252551727,-27.329431031815112,8.04156363245729,False
4,4,60,72,51,39.59756328625685,-11.244369737210233,12.911586344016078,43.356914292431625,-16.465345843969637,24.37442929217979,13.144887977812761,False
4,4,68,81,63,42.50247095087345,-9.224075051967338,11.808501200776075,43.356914292431625,-16.465345843969637,24.37442929217979,14.528201020958091,False
4,4,69,81,64,43.69163124756243,-9.624479679463839,11.753690342904738,43.356914292431625,-16.465345843969637,24.37442929217979,14.359405870246883,False
4,4,76,90,72,46.130968640044266,-8.400321786106737,11.646248882179666,43.356914292431625,-16.465345843969637,24.37442929217979,15.321441418056164,False
4,4,82,96,79,49.518787117971,-8.787897337060597,11.799984024936327,43.356914292431625,-16.465345843969637,24.37442929217979,15.969613836071991,False
4,4,82,96,79,49.65118497923504,-8.550253773601801,11.396498491698196,43.356914292431625,-16.465345843969637,24.37442929217979,16.452757028025466,False
4,4,58,71,53,37.98996712866867,-9.858079215478249,12.401660035220317,43.356914292431625,-16.465345843969637,24.37442929217979,14.690381133210709,False
4,4,64,76,56,40.65514878545559,-10.535152405639511,13.470537394369272,43.356914292431625,-16.465345843969637,24.37442929217979,12.702818175107327,False
4,4,67,80,60,41.54460588971757,-10.533479189644611,13.03736866605089,43.356914292431625,-16.465345843969637,24.37442929217979,12.922865293415517,False
4,4,66,80,61,43.19676421427937,-11.478264539576255,13.236064811078657,43.356914292431625,-16.465345843969637,24.37442929217979,12.204908491996877,False
4,4,49,73,36,46.165994934762594,-22.94531513214099,24.37651739344287,43.356914292431625,-16.465345843969637,24.37442929217979,7.0626440085090945,False
4,4,48,74,37,43.21901897234098,-22.471314682128263,24.126295668998907,43.356914292431625,-16.465345843969637,24.37442929217979,6.012673872678299,False
4,4,57,82,45,46.25366789673714,-21.18614007520471,23.50168649842932,43.356914292431625,-16.465345843969637,24.37442929217979,5.607027697609737,False
4,4,68,87,57,47.82412735487647,-15.153632415962152,17.97487802652403,43.356914292431625,-16.465345843969637,24.37442929217979,7.91396493953879,False
4,4,69,85,57,50.4156072637108,-14.70794918198043,17.86187785145712,43.356914292431625,-16.465345843969637,24.37442929217979,9.763550366460743,False
4,4,48,69,38,43.744630050074875,-19.521248747776774,20.016805918647613,43.356914292431625,-16.465345843969637,24.37442929217979,5.336454584438599,False
4,4,48,69,38,44.42627950063441,-20.939362984415432,21.054026437849423,43.356914292431625,-16.465345843969637,24.37442929217979,5.673221874434544,False
4,4,49,70,40,44.465412608341396,-19.4884726179937,19.51879852662876,43.356914292431625,-16.465345843969637,24.37442929217979,5.826252152075263,False
4,4,48,72,40,46.761737796358865,-22.982807877540363,21.39354731569876,43.356914292431625,-16.465345843969637,24.37442929217979,7.934468590248542,False
4,4,49,73,39,48.1570802935973,-23.800953048833005,23.684291402487624,43.356914292431625,-16.465345843969637,24.37442929217979,8.793691887346236,False
5,5,112,118,130,63.14613786705234,4.8087676132259105,-15.954256334109356,59.38700273765474,14.214761630807315,-29.070970223924487,16.572628145442636,False
5,5,112,124,140,63.92623576866527,4.485695877140449,-15.424715522212294,59.38700273765474,14.214761630807315,-29.070970223924487,17.363168614426133,False
5,5,111,122,138,63.370360341767444,4.822010665410715,-15.297685802700594,59.38700273765474,14.214761630807315,-29.070970223924487,17.14042800656186,False
5,5,116,129,147,63.950128355965965,6.417896860896056,-15.239507224324806,59.38700273765474,14.214761630807315,-29.070970223924487,16.52036877185454,False
5,5,109,122,140,63.81187847042112,5.542339185599826,-14.436662743476196,59.38700273765474,14.214761630807315,-29.070970223924487,17.57707005592423,False
5,5,105,117,133,63.29714883316128,3.483737495696222,-15.04794131375539,59.38700273765474,14.214761630807315,-29.070970223924487,18.085614761239942,False
5,5,106,116,129,64.0924760563496,2.404379866147154,-14.257323094934957,59.38700273765474,14.214761630807315,-29.070970223924487,19.521033216563772,False
5,5,105,116,131,62.64424359274631,3.017891690244688,-14.155802541254372,59.38700273765474,14.214761630807315,-29.070970223924487,18.932557710360204,False
5,5,103,118,137,62.11759631579045,5.114200034964151,-16.34220136418003,59.38700273765474,14.214761630807315,-29.070970223924487,15.883888671653791,False
5,5,104,121,143,61.61848809056464,7.28570258750002,-17.4738425948351,59.38700273765474,14.214761630807315,-29.070970223924487,13.692507270448258,False
5,5,105,114,131,66.12992569953865,6.239763129651107,-18.517032873037834,59.38700273765474,14.214761630807315,-29.070970223924487,14.847666643947303,False
5,5,106,117,136,63.264338704388074,7.2856965649896095,-20.22180689217108,59.38700273765474,14.214761630807315,-29.070970223924487,11.889212276568548,False
5,5,107,118,137,64.30573462951335,5.998971946504405,-19.404546280761267,59.38700273765474,14.214761630807315,-29.070970223924487,13.606354229169705,False
5,5,112,123,142,65.24955978085758,7.1325162529687365,-18.89595212714029,59.38700273765474,14.214761630807315,-29.070970223924487,13.713452079859724,False
5,5,106,115,132,63.73548033464833,6.609491601887268,-17.141774466887362,59.38700273765474,14.214761630807315,-29.070970223924487,14.80051016127678,False
5,5,108,117,134,63.47477686838254,7.284461000567743,-18.414997587776437,59.38700273765474,14.214761630807315,-29.070970223924487,13.352479806825489,False
5,5,107,119,135,63.964451619457435,5.6668785292197965,-18.032013315433918,59.38700273765474,14.214761630807315,-29.070970223924487,14.69278439954231,False
5,5,107,118,137,63.474348674085384,7.58925392161143,-19.76562695416676,59.38700273765474,14.214761630807315,-29.070970223924487,12.132318928246802,False
5,5,107,118,137,63.09612067045344,7.686043001611701,-19.755798300481594,59.38700273765474,14.214761630807315,-29.070970223924487,11.964704373360568,False
5,5,105,116,136,63.60322168474615,7.133518076678272,-19.7145782345529,59.38700273765474,14.214761630807315,-29.070970223924487,12.468463559776865,False
6,6,75,146,122,76.30890628266417,-36.86541736869812,10.400012480297175,84.45434753499057,-33.061279270574836,0.8881473129619843,13.08798146492645,False
6,6,84,152,131,79.16248299192138,-35.377851600301284,9.536897149023355,84.45434753499057,-33.061279270574836,0.8881473129619843,10.400538996985624,False
6,6,84,153,135,76.9546557752558,-32.21997625335094,8.074436598386544,84.45434753499057,-33.061279270574836,0.8881473129619843,10.420936663833608,False
6,6,82,146,130,78.24152327615165,-32.582691667685616,7.263732305848777,84.45434753499057,-33.061279270574836,0.8881473129619843,8.914948982825416,False
6,6,92,152,136,79.46901852973731,-30.834995231076945,7.700988129395421,84.45434753499057,-33.061279270574836,0.8881473129619843,8.730672706338495,False
6,6,93,156,131,78.60949322309607,-32.5415741110732,10.295443495510533,84.45434753499057,-33.061279270574836,0.8881473129619843,11.087363836651026,False
6,6,95,157,130,79.98194588131784,-34.66313397468555,11.73669957396151,84.45434753499057,-33.061279270574836,0.8881473129619843,11.843116194840535,False
6,6,96,158,137,78.20476360442957,-29.849662322221118,7.530675960198825,84.45434753499057,-33.061279270574836,0.8881473129619843,9.669279681415842,False
6,6,92,162,146,77.19899727021222,-28.927816242364536,5.995026089995185,84.45434753499057,-33.061279270574836,0.8881473129619843,9.788045510392408,False
6,6,92,160,145,76.64649615403714,-27.66945835459974,5.87908758540698,84.45434753499057,-33.061279270574836,0.8881473129619843,10.721182806953548,False
6,6,77,168,143,82.83205625382641,-39.157425669397504,6.118989620451056,84.45434753499057,-33.061279270574836,0.8881473129619843,8.194909466408854,False
6,6,71,155,129,79.76045450805817,-37.850197533841495,7.0672584000620295,84.45434753499057,-33.061279270574836,0.8881473129619843,9.118540656665203,False
6,6,74,156,131,79.82970643602714,-36.69620256873457,6.310396553584776,84.45434753499057,-33.061279270574836,0.8881473129619843,8.000047468931708,False
6,6,84,160,136,80.60731965817932,-34.5776585336516,6.6510086337267165,84.45434753499057,-33.061279270574836,0.8881473129619843,7.0929260645250185,False
6,6,89,139,125,73.28389430619043,-23.798559737113255,3.5186087152083183,84.45434753499057,-33.061279270574836,0.8881473129619843,14.747756632148835,False
6,6,70,153,127,80.54656676002355,-39.56479185312801,8.129976203862242,84.45434753499057,-33.061279270574836,0.8881473129619843,10.48858961832843,False
6,6,75,155,128,81.21446179094416,-38.93827938392523,8.910815765708733,84.45434753499057,-33.061279270574836,0.8881473129619843,10.459407204497474,False
6,6,73,156,130,79.86563553562172,-37.43003319923198,7.034312575635137,84.45434753499057,-33.061279270574836,0.8881473129619843,8.82709669927769,False
6,6,76,156,132,80.93510511249794,-36.87270569482326,6.3693377579499,84.45434753499057,-33.061279270574836,0.8881473129619843,7.5468859346062604,False
6,6,74,157,131,80.69789943340103,-37.51938168982203,6.9928031248673,84.45434753499057,-33.061279270574836,0.8881473129619843,8.441113795125778,False
7,7,195,89,39,67.67658885145445,42.49144928295814,55.22227272080449,64.34179588343484,45.84468044349082,64.1965866767751,10.144127085947279,False
7,7,196,95,47,67.14584185373575,42.070396111250815,52.71341697785947,64.34179588343484,45.84468044349082,64.1965866767751,12.408508466300342,False
7,7,185,97,63,64.23192988644185,39.73039706480102,42.52642660174576,64.34179588343484,45.84468044349082,64.1965866767751,22.51649105543786,False
7,7,183,99,64,63.47117793365977,37.78226234805802,42.10765320437212,64.34179588343484,45.84468044349082,64.1965866767751,23.530438650995812,False
7,7,182,102,69,66.97409852027376,34.572068487327215,40.457780997838306,64.34179588343484,45.84468044349082,64.1965866767751,26.41082529093844,False
7,7,186,83,40,62.17001261811149,44.57601078378789,51.28623143778505,64.34179588343484,45.84468044349082,64.1965866767751,13.15307711731012,False
7,7,186,84,43,61.45553855120532,45.4976254502021,49.63197141211317,64.34179588343484,45.84468044349082,64.1965866767751,14.851900429367234,False
7,7,185,86,45,62.37103183128633,43.387024988484754,49.94459415367244,64.34179588343484,45.84468044349082,64.1965866767751,14.596001923928894,False
7,7,187,85,44,63.20505548009123,43.672141039767666,51.449406206895624,64.34179588343484,45.84468044349082,64.1965866767751,12.980859607013715,False
7,7,188,87,43,62.31391283805067,43.887037079004344,53.81611369578183,64.34179588343484,45.84468044349082,64.1965866767751,10.75634215230279,False
7,7,187,86,30,68.05886303741238,42.54959279608863,57.861879831939696,64.34179588343484,45.84468044349082,64.1965866767751,8.050012524291231,False
7,7,190,89,35,66.68930245766225,43.56269672386905,56.59492486332135,64.34179588343484,45.84468044349082,64.1965866767751,8.27668406662841,False
7,7,191,91,39,66.80514704411476,43.00747350328752,55.38749655103008,64.34179588343484,45.84468044349082,64.1965866767751,9.576946851990943,False
7,7,195,100,53,68.51806868169113,41.44588815468875,49.42012613971682,64.34179588343484,45.84468044349082,64.1965866767751,15.972927536576398,False
7,7,198,107,62,70.88489788005198,39.06856917638006,46.797227233809004,64.34179588343484,45.84468044349082,64.1965866767751,19.78548904293078,False
7,7,193,90,35,68.99673222143694,41.40269954845075,58.32717466294205,64.34179588343484,45.84468044349082,64.1965866767751,8.70916895983085,False
7,7,194,93,38,68.12368795418904,42.93161839977882,56.52354637195542,64.34179588343484,45.84468044349082,64.1965866767751,9.036823868192645,False
7,7,192,93,39,67.76221101609423,42.1172852671307,55.48228028504696,64.34179588343484,45.84468044349082,64.1965866767751,10.076301423111156,False
7,7,191,92,40,70.54839737656363,40.24461480057319,55.59091986420449,64.34179588343484,45.84468044349082,64.1965866767751,11.997505515250836,False
7,7,190,90,38,66.45750003486191,43.13844376183331,54.7317491623877,64.34179588343484,45.84468044349082,64.1965866767751,10.068916039339559,False
8,8,65,82,134,45.00559496523181,16.718230851499364,-48.17700503986653,42.09842405950161,22.684738935756286,-49.740030225081625,6.818644229188383,False
8,8,67,87,140,43.02052341652415,19.4232720083772,-48.251701350581655,42.09842405950161,22.684738935756286,-49.740030225081625,3.7016964463985027,False
8,8,73,94,149,46.39094401526056,19.54098894045346,-47.100771650888674,42.09842405950161,22.684738935756286,-49.740030225081625,5.939240475431714,False
8,8,78,99,156,47.11584823709873,21.35323558845854,-47.70622421488021,42.09842405950161,22.684738935756286,-49.740030225081625,5.575285950418388,False
8,8,70,88,140,47.036954165853764,18.882392183847323,-43.165790109599016,42.09842405950161,22.684738935756286,-49.740030225081625,9.059114389890441,False
8,8,60,79,135,43.04835749766935,20.38413015095363,-47.8124215493651,42.09842405950161,22.684738935756286,-49.740030225081625,3.148150175000862,False
8,8,62,79,131,43.005944032774224,18.66906923225029,-47.36746607031221,42.09842405950161,22.684738935756286,-49.740030225081625,4.7516582724393555,False
8,8,66,87,144,46.26748637067501,17.652606799599504,-50.101200634589254,42.09842405950161,22.684738935756286,-49.740030225081625,6.544759617808144,False
8,8,67,90,143,46.11572581886266,17.33179611068825,-46.332443773567405,42.09842405950161,22.684738935756286,-49.740030225081625,7.510283332788186,False
8,8,67,94,149,44.78732185355894,19.08636775197308,-47.53717275396678,42.09842405950161,22.684738935756286,-49.740030225081625,5.003101794008818,False
8,8,45,69,131,38.15372621920858,26.7254810240628,-57.15585877030517,42.09842405950161,22.684738935756286,-49.740030225081625,9.32109171114503,False
8,8,42,66,128,40.138346042245544,25.247680571913335,-58.461776300366644,42.09842405950161,22.684738935756286,-49.740030225081625,9.299431717359264,False
8,8,43,67,127,39.93208143195492,24.04541243961448,-55.98784776528571,42.09842405950161,22.684738935756286,-49.740030225081625,6.751273715359897,False
8,8,48,70,129,38.73217607043861,26.284125077147696,-54.3705372449142,42.09842405950161,22.684738935756286,-49.740030225081625,6.762307400542362,False
8,8,54,76,133,40.49755825345847,24.80070821329991,-52.51456139057282,42.09842405950161,22.684738935756286,-49.740030225081625,3.8390259833385567,False
8,8,43,66,126,38.30661728258908,24.74557720415125,-55.89426150337541,42.09842405950161,22.684738935756286,-49.740030225081625,7.516609317281995,False
8,8,44,68,128,41.06254571076018,23.068895712388024,-55.80962084998568,42.09842405950161,22.684738935756286,-49.740030225081625,6.169323361305234,False
8,8,45,67,127,40.307289685028984,24.086590744487687,-55.27962456472001,42.09842405950161,22.684738935756286,-49.740030225081625,5.988360066730672,False
8,8,42,66,125,37.98113657008222,25.9281221606458,-54.80908489266639,42.09842405950161,22.684738935756286,-49.740030225081625,7.291564046004603,False
8,8,42,65,125,40.0024887879497,24.4652386862737,-53.94024177248685,42.09842405950161,22.684738935756286,-49.740030225081625,5.020448293437962,False
9,9,172,66,72,51.98783216068628,55.692428617224024,20.8859064873434,56.58157644714697,54.093034316116785,7.521659824048288,14.221942116926193,False
9,9,168,74,82,49.543713493649,54.36216717472641,16.566182269353007,56.58157644714697,54.093034316116785,7.521659824048288,11.463303786929115,False
9,9,163,76,84,51.44280967860195,50.094293463173145,15.479868846901956,56.58157644714697,54.093034316116785,7.521659824048288,10.282506657519491,False
9,9,163,80,90,51.2573652883711,49.93784338439852,12.431798012398756,56.58157644714697,54.093034316116785,7.521659824048288,8.349987615018652,False
9,9,163,82,91,50.52672223708378,48.565823782571364,13.747583679352637,56.58157644714697,54.093034316116785,7.521659824048288,10.294340369314742,False
9,9,175,70,77,52.89645067850722,56.668665554995854,20.50957199138316,56.58157644714697,54.093034316116785,7.521659824048288,13.744085661686908,False
9,9,172,68,75,51.18220057411988,56.83925935486737,20.026967934123245,56.58157644714697,54.093034316116785,7.521659824048288,13.89524172908101,False
9,9,175,70,79,52.89446732412167,56.34423279334454,19.797068045258026,56.58157644714697,54.093034316116785,7.521659824048288,13.01338984532134,False
9,9,163,66,75,48.988120002413645,53.99331805458817,18.87790289405272,56.58157644714697,54.093034316116785,7.521659824048288,13.661434067326132,False
9,9,162,66,76,45.947036839930036,57.165875592145184,17.246401407742123,56.58157644714697,54.093034316116785,7.521659824048288,14.734530363562785,False
9,9,171,56,69,51.26776326434395,64.75285308037917,19.92610467885862,56.58157644714697,54.093034316116785,7.521659824048288,17.197052037622093,False
9,9,175,58,70,52.85357153503938,63.584446911737,21.77012383386859,56.58157644714697,54.093034316116785,7.521659824048288,17.521519920490366,False
9,9,175,63,74,52.256868844140975,63.567270027014956,19.269776258976623,56.58157644714697,54.093034316116785,7.521659824048288,15.699760441668824,False
9,9,175,68,78,53.30820463263611,60.544095135560255,18.545237901550866,56.58157644714697,54.093034316116785,7.521659824048288,13.18523501356681,False
9,9,177,77,88,54.548331224124425,58.03405408216572,14.181933784356483,56.58157644714697,54.093034316116785,7.521659824048288,8.0015606077622,False
9,9,174,62,73,53.276948186912186,61.4928212674146,20.15174778604462,56.58157644714697,54.093034316116785,7.521659824048288,15.006549796362401,False
9,9,174,64,75,52.143120120314975,62.146620239476015,18.53809533072199,56.58157644714697,54.093034316116785,7.521659824048288,14.349982301829712,False
9,9,173,63,74,52.94667134222665,60.78285364863017,19.300242393568933,56.58157644714697,54.093034316116785,7.521659824048288,14.02502139643506,False
9,9,176,64,76,52.85680476634927,63.08507670198981,18.37844128821157,56.58157644714697,54.093034316116785,7.521659824048288,14.58082487735207,False
9,9,176,64,77,53.085269144498405,63.123422091685384,18.374463662600604,56.58157644714697,54.093034316116785,7.521659824048288,14.544944801881798,False
10,10,77,63,88,31.379607989370342,19.733400305485244,-20.532022425885657,32.27837970101884,25.28823142521866,-29.718137425454938,10.772587810908302,False
10,10,75,64,88,33.250280027813446,16.656113197654808,-17.563506511573387,32.27837970101884,25.28823142521866,-29.718137425454938,14.939648857739215,False
10,10,78,69,95,32.656419288896245,20.006352718240944,-18.731160268223913,32.27837970101884,25.28823142521866,-29.718137425454938,12.196508666776056,False
10,10,81,73,99,36.54819924469972,17.625754777076637,-16.98180054094679,32.27837970101884,25.28823142521866,-29.718137425454938,15.464772373190746,False
10,10,74,66,89,33.8254256518671,16.818758417742405,-14.639417814312194,32.27837970101884,25.28823142521866,-29.718137425454938,17.363556931397024,False
10,10,75,63,87,31.559768850110522,18.210338953690734,-19.207672298653474,32.27837970101884,25.28823142521866,-29.718137425454938,12.691841496617606,False
10,10,74,62,86,30.811701346078276,18.917636780387312,-19.326801839179513,32.27837970101884,25.28823142521866,-29.718137425454938,12.27662318360383,False
10,10,81,67,92,31.616726685090295,20.019918976267537,-19.554883084637414,32.27837970101884,25.28823142521866,-29.718137425454938,11.466675175019434,False
10,10,84,71,99,33.647792928700724,19.996150775448392,-20.35155318464214,32.27837970101884,25.28823142521866,-29.718137425454938,10.845013164218184,False
10,10,76,67,94,31.649713219219304,19.57030860629822,-19.8044555456154,32.27837970101884,25.28823142521866,-29.718137425454938,11.461716770324072,False
10,10,55,41,74,28.42358163069095,24.568205570176065,-27.704393311303555,32.27837970101884,25.28823142521866,-29.718137425454938,4.408295674318228,False
10,10,58,43,73,28.422688432276082,22.83081255319891,-25.021249754173517,32.27837970101884,25.28823142521866,-29.718137425454938,6.5548467921877,False
10,10,57,44,72,27.204234978273412,22.22549086615985,-23.377312086869374,32.27837970101884,25.28823142521866,-29.718137425454938,8.679480996806083,False
10,10,63,50,78,29.882941979045228,22.144675799838332,-23.29305502247521,32.27837970101884,25.28823142521866,-29.718137425454938,7.543324713599049,False
10,10,72,60,86,33.07270350494007,21.88733107591495,-21.394095009059374,32.27837970101884,25.28823142521866,-29.718137425454938,9.027001475646411,False
10,10,56,43,70,25.1842661959457,23.474324153943495,-23.588255720996315,32.27837970101884,25.28823142521866,-29.718137425454938,9.549458399422587,False
10,10,60,46,74,28.977762310126593,21.54816242136485,-23.417723824679154,32.27837970101884,25.28823142521866,-29.718137425454938,8.036006648546833,False
10,10,59,46,74,28.933748722670934,21.36350204906242,-23.259734263896483,32.27837970101884,25.28823142521866,-29.718137425454938,8.26444362644071,False
10,10,60,47,77,28.454111284194855,24.421765276821812,-25.32898661042146,32.27837970101884,25.28823142521866,-29.718137425454938,5.885612745275054,False
10,10,59,46,76,27.763682679455652,24.14522795492526,-24.818581540638537,32.27837970101884,25.28823142521866,-29.718137425454938,6.759777658921433,False
11,11,101,126,35,69.04658696157055,-39.22173897730878,60.15221842327793,85.6814978348448,-40.170075615230786,60.931991644172044,16.680157325895543,False
11,11,105,129,39,70.55832838785155,-39.03644118754753,60.36378029450364,85.6814978348448,-40.170075615230786,60.931991644172044,15.176239497187408,False
11,11,106,131,50,67.89682069501298,-34.35632982027442,56.337903477351816,85.6814978348448,-40.170075615230786,60.931991644172044,19.266552032497856,False
11,11,104,130,56,68.88893238844594,-34.274308751639936,53.04718035655189,85.6814978348448,-40.170075615230786,60.931991644172044,19.465882210236124,False
11,11,112,139,72,71.24000455570783,-31.534769954322336,48.515456199988776,85.6814978348448,-40.170075615230786,60.931991644172044,20.911613625575033,False
11,11,96,124,41,67.43139297282676,-38.212634168096386,59.01496555823277,85.6814978348448,-40.170075615230786,60.931991644172044,18.454617132516894,False
11,11,101,127,41,68.5194791055052,-38.45862871919795,59.93408017837094,85.6814978348448,-40.170075615230786,60.931991644172044,17.275988094396258,False
11,11,100,127,40,66.25750652502819,-36.59949372836678,59.128349600930385,85.6814978348448,-40.170075615230786,60.931991644172044,19.831631754214822,False
11,11,99,128,38,69.2919376444921,-41.51666752822184,62.89099652735876,85.6814978348448,-40.170075615230786,60.931991644172044,16.56105954175869,False
11,11,104,130,40,69.91979476071342,-38.90095175308535,61.86415961570056,85.6814978348448,-40.170075615230786,60.931991644172044,15.840167180358087,False
11,11,94,144,21,75.53694094005745,-52.82447973803687,75.29309180386961,85.6814978348448,-40.170075615230786,60.931991644172044,21.663037092977866,False
11,11,85,134,21,71.98969393438314,-51.719668287682886,71.3762221473891,85.6814978348448,-40.170075615230786,60.931991644172044,20.73500749342971,False
11,11,93,137,26,74.42239872318234,-50.13720530130927,70.75893806390961,85.6814978348448,-40.170075615230786,60.931991644172044,17.963292095875367,False
11,11,100,143,36,75.4348183900209,-47.70294308899685,69.27556794365131,85.6814978348448,-40.170075615230786,60.931991644172044,15.21031878323172,False
11,11,111,151,55,77.71272397069215,-43.60065049983249,62.779461611585916,85.6814978348448,-40.170075615230786,60.931991644172044,8.870363364448977,False
11,11,89,133,21,71.26529851508614,-48.67462415195883,70.02933064282416,85.6814978348448,-40.170075615230786,60.931991644172044,19.050347122742146,False
11,11,93,137,24,73.6248459005019,-49.039990888886116,70.75536237013898,85.6814978348448,-40.170075615230786,60.931991644172044,17.903543371285554,False
11,11,95,140,23,75.4883343077169,-50.253580501468655,72.57323756045177,85.6814978348448,-40.170075615230786,60.931991644172044,18.46879151338422,False
11,11,94,139,23,74.61114106917638,-49.99320762597324,72.0870274451968,85.6814978348448,-40.170075615230786,60.931991644172044,18.533255114571688,False
11,11,89,136,22,74.96204751620827,-52.32973576618819,71.80564346553916,85.6814978348448,-40.170075615230786,60.931991644172044,19.519227803702147,False
12,12,195,114,27,72.69123229019617,27.073904894426523,71.4458965994881,74.75618033618932,24.723262517218902,75.07963868721954,4.79516543805593,False
12,12,197,120,38,73.34693645190303,24.509387156777862,71.25518054801354,74.75618033618932,24.723262517218902,75.07963868721954,4.08144472628763,False
12,12,199,123,47,73.9819822403548,24.65210089046417,67.45645770755779,74.75618033618932,24.723262517218902,75.07963868721954,7.662723727069436,False
12,12,190,123,55,72.69955098313362,21.9777022323967,61.64150645401217,74.75618033618932,24.723262517218902,75.07963868721954,13.869074355940635,False
12,12,194,125,60,73.89432912019457,22.756878499765556,60.01156283767313,74.75618033618932,24.723262517218902,75.07963868721954,15.22026160847084,False
12,12,190,111,26,70.91421286355549,27.101799438423768,71.44348964092778,74.75618033618932,24.723262517218902,75.07963868721954,5.799976882122856,False
12,12,191,111,24,72.89573445085209,24.846237463784462,72.06434524675034,74.75618033618932,24.723262517218902,75.07963868721954,3.5451905818852185,False
12,12,192,112,27,72.65524109347754,25.960332615792233,72.0294438294668,74.75618033618932,24.723262517218902,75.07963868721954,3.904865785223844,False
12,12,187,112,30,71.54106905173144,24.5410333669735,71.29140471441274,74.75618033618932,24.723262517218902,75.07963868721954,4.9720081121590285,False
12,12,187,112,29,70.28091456176764,24.747433980757016,72.46989243509496,74.75618033618932,24.723262517218902,75.07963868721954,5.180672110048837,False
12,12,191,117,16,79.1911991509172,21.36688351691558,75.85856242447699,74.75618033618932,24.723262517218902,75.07963868721954,5.616172546239169,False
12,12,192,118,20,78.02942060739127,21.910375184004288,74.85355829961415,74.75618033618932,24.723262517218902,75.07963868721954,4.32175304292567,False
12,12,192,119,23,78.90275271558124,20.639604025609945,74.19302694918636,74.75618033618932,24.723262517218902,75.07963868721954,5.886969470588768,False
12,12,191,124,35,79.44980543748078,17.78679952657678,70.82319076159976,74.75618033618932,24.723262517218902,75.07963868721954,9.394784955257574,False
12,12,194,130,44,80.82608698867689,16.6177902831365,68.04627437133465,74.75618033618932,24.723262517218902,75.07963868721954,12.329260339021019,False
12,12,192,119,22,79.11091898377967,19.88541508150354,74.76281379186071,74.75618033618932,24.723262517218902,75.07963868721954,6.51681628668431,False
12,12,193,120,25,78.73487541681959,21.11756383161974,73.3521638621678,74.75618033618932,24.723262517218902,75.07963868721954,5.640500583029011,False
12,12,192,119,25,78.22613528656639,21.33527655256433,72.88390483752757,74.75618033618932,24.723262517218902,75.07963868721954,5.323559278624205,False
12,12,193,120,26,79.58580512614883,20.58090805122631,74.17503514949139,74.75618033618932,24.723262517218902,75.07963868721954,6.42671640063497,False
12,12,190,120,25,80.8356229633004,18.411621045116224,74.18495185053345,74.75618033618932,24.723262517218902,75.07963868721954,8.80891056058813,False
13,13,49,61,104,28.277494837351703,18.98866883854936,-40.24306257578633,27.61670543972088,24.85549207909743,-49.233090828655214,10.755318012557185,False
13,13,53,65,105,31.32709548352099,16.87456886174267,-34.632470306428715,27.61670543972088,24.85549207909743,-49.233090828655214,17.048174368902522,False
13,13,46,59,101,29.816323213672984,18.055387232501758,-36.27430714211806,27.61670543972088,24.85549207909743,-49.233090828655214,14.79898033347708,False
13,13,52,64,105,31.42774493640144,18.625048265269854,-34.923669782445806,27.61670543972088,24.85549207909743,-49.233090828655214,16.06555267770836,False
13,13,62,75,119,35.860721374586255,20.056934681182636,-36.35488806748631,27.61670543972088,24.85549207909743,-49.233090828655214,16.026167919785923,False
13,13,45,57,99,29.964793842401967,18.423223218327553,-38.05783902581442,27.61670543972088,24.85549207909743,-49.233090828655214,13.106252504088715,False
13,13,47,59,103,28.943916083091782,19.21307242684934,-39.37628058137141,27.61670543972088,24.85549207909743,-49.233090828655214,11.434819450910078,False
13,13,51,64,109,29.382742922530877,19.57973960691778,-40.96399176506346,27.61670543972088,24.85549207909743,-49.233090828655214,9.966466367870488,False
13,13,54,69,118,27.663386096387768,23.07919245515171,-44.42480800883974,27.61670543972088,24.85549207909743,-49.233090828655214,5.1261099396198295,False
13,13,50,66,116,26.993062407673833,23.286538332011357,-43.675924739770416,27.61670543972088,24.85549207909743,-49.233090828655214,5.807980839445619,False
13,13,22,32,91,19.359382046214716,34.73841483501725,-54.07275117746639,27.61670543972088,24.85549207909743,-49.233090828655214,13.757829193454798,False
13,13,26,38,98,19.65889303606706,35.77677109982623,-55.944736229839044,27.61670543972088,24.85549207909743,-49.233090828655214,15.087985209814782,False
13,13,30,41,97,21.11182386961864,32.90015549370396,-52.54059105292006,27.61670543972088,24.85549207909743,-49.233090828655214,10.861383495157355,False
13,13,32,42,93,25.994089008877978,27.437375459335133,-47.28900049156928,27.61670543972088,24.85549207909743,-49.233090828655214,3.6164199299223974,False
13,13,37,49,99,30.167544227854137,24.780293849550244,-45.88146277040429,27.61670543972088,24.85549207909743,-49.233090828655214,4.212581623853361,False
13,13,28,38,91,26.040654648295664,27.906785998372865,-49.368560913721794,27.61670543972088,24.85549207909743,-49.233090828655214,3.4369583679333733,False
13,13,30,41,95,25.300149285483855,30.67163413907853,-51.09271717180948,27.61670543972088,24.85549207909743,-49.233090828655214,6.530861429686589,False
13,13,30,40,94,25.818100814336386,30.485132128272372,-50.513548443507375,27.61670543972088,24.85549207909743,-49.233090828655214,6.047098261576525,False
13,13,27,38,92,25.826713539377206,29.323093554644153,-50.08241192782857,27.61670543972088,24.85549207909743,-49.233090828655214,4.887216004752016,False
13,13,29,40,94,26.981503896459067,28.942789617664708,-49.98127472667257,27.61670543972088,24.85549207909743,-49.233090828655214,4.20348204642208,False
14,14,71,108,56,60.39075854454918,-35.31755779999982,36.339713075887396,55.30721472902971,-37.76940449923305,28.45727389995858,9.694679846341728,False
14,14,75,112,62,60.46996217140858,-33.93637850939602,35.85638071678765,55.30721472902971,-37.76940449923305,28.45727389995858,9.802695092646822,False
14,14,75,111,63,61.87576716538051,-33.5104563226662,33.69585744005507,55.30721472902971,-37.76940449923305,28.45727389995858,9.419515814857045,False
14,14,78,114,69,60.35919509809242,-30.29652523407524,31.43873074431419,55.30721472902971,-37.76940449923305,28.45727389995858,9.500290262711735,False
14,14,84,119,79,62.153276454898936,-26.890520641411307,28.78690851351455,55.30721472902971,-37.76940449923305,28.45727389995858,12.857967729188006,False
14,14,65,101,55,58.96141962556741,-34.36464971322458,34.50347793739711,55.30721472902971,-37.76940449923305,28.45727389995858,7.842330765854347,False
14,14,65,98,53,55.97862092043172,-31.34310265086169,32.78024871328744,55.30721472902971,-37.76940449923305,28.45727389995858,7.774075697914818,False
14,14,75,114,59,59.50018248761857,-35.029286330064814,36.86671920760244,55.30721472902971,-37.76940449923305,28.45727389995858,9.788155933975762,False
14,14,72,111,59,58.935310994934525,-35.20699928366852,37.38804342853635,55.30721472902971,-37.76940449923305,28.45727389995858,9.974349471318815,False
14,14,69,111,61,56.74299014852519,-33.00804151326602,36.7258584294398,55.30721472902971,-37.76940449923305,28.45727389995858,9.648912822724666,False
14,14,40,100,37,62.087095188183646,-46.485604907579734,44.13568317182853,55.30721472902971,-37.76940449923305,28.45727389995858,19.1768466097828,False
14,14,43,105,38,63.80093985207451,-49.442693665243155,47.09088575775839,55.30721472902971,-37.76940449923305,28.45727389995858,23.57160446991823,False
14,14,48,107,44,64.27907486196021,-47.66700843221337,44.127661877645785,55.30721472902971,-37.76940449923305,28.45727389995858,20.591694860556256,False
14,14,72,120,70,66.26751222860771,-35.832505120509964,32.994561474594065,55.30721472902971,-37.76940449923305,28.45727389995858,12.0194292301047,False
14,14,46,105,41,61.41071553182098,-45.58374737916697,43.88966378032674,55.30721472902971,-37.76940449923305,28.45727389995858,18.343263998387457,False
14,14,50,109,43,63.471849634495605,-46.07758942084256,44.939000528174404,55.30721472902971,-37.76940449923305,28.45727389995858,20.1825298830065,False
14,14,49,108,42,63.76699405639536,-46.35122929212609,45.07603228077168,55.30721472902971,-37.76940449923305,28.45727389995858,20.527998274636584,False
14,14,50,109,46,65.84390637956325,-47.24036757723744,43.82704827462068,55.30721472902971,-37.76940449923305,28.45727389995858,20.903372380823278,False
14,14,47,107,45,64.71008424471593,-46.47292219375447,43.50494463601683,55.30721472902971,-37.76940449923305,28.45727389995858,19.763541432868063,False
14,14,45,103,42,63.49746455649074,-45.74404592173878,43.29611690303641,55.30721472902971,-37.76940449923305,28.45727389995858,18.731427060524826,False
15,15,150,45,42,43.8465717454437,55.30713737695154,32.59578964788913,40.36586042798924,54.41996140632907,29.722641237073667,4.599718933682454,False
15,15,155,53,51,43.04308831473434,56.96937330508235,30.62797435253684,40.36586042798924,54.41996140632907,29.722641237073667,3.8061369177979767,False
15,15,158,58,56,44.2445082119751,56.84761119681756,28.77248729497675,40.36586042798924,54.41996140632907,29.722641237073667,4.6733483340277076,False
15,15,161,62,58,47.59465843972357,53.18939730762788,29.613756021157545,40.36586042798924,54.41996140632907,29.722641237073667,7.333598344994873,False
15,15,157,65,64,49.514718395603886,50.6717148749984,25.19400010012038,40.36586042798924,54.41996140632907,29.722641237073667,10.874720443235493,False
15,15,154,47,41,47.329717270286146,54.01227806462472,36.09243884855671,40.36586042798924,54.41996140632907,29.722641237073667,9.446471798421026,False
15,15,156,47,41,46.13330790812737,54.97448141101123,36.299690236036554,40.36586042798924,54.41996140632907,29.722641237073667,8.76518775648891,False
15,15,154,46,44,43.4482052839978,57.69482891422928,33.069527357955096,40.36586042798924,54.41996140632907,29.722641237073667,5.606001579718977,False
15,15,153,45,43,44.072697210397564,56.812083429799195,32.7386611500005,40.36586042798924,54.41996140632907,29.722641237073667,5.3440867154039795,False
15,15,158,46,44,43.49196169958485,59.45322094263172,35.15803035148177,40.36586042798924,54.41996140632907,29.722641237073667,8.040501572979094,False
15,15,162,30,25,50.5808715389588,65.36024879324717,46.4889372522814,40.36586042798924,54.41996140632907,29.722641237073667,22.47543152366961,False
15,15,160,35,29,48.000454023126416,63.88354815283536,43.32461261074371,40.36586042798924,54.41996140632907,29.722641237073667,18.244454464896954,False
15,15,160,39,31,48.300919742989755,62.42040310059551,42.466875524299574,40.36586042798924,54.41996140632907,29.722641237073667,17.01140033047361,False
15,15,164,53,46,49.38956139208876,59.83010258321078,35.096931946227166,40.36586042798924,54.41996140632907,29.722641237073667,11.81438983908078,False
15,15,170,62,58,52.161417073068336,58.406463523660385,30.66197822819278,40.36586042798924,54.41996140632907,29.722641237073667,12.486380968144507,False
15,15,145,32,26,46.64889199676038,58.508951108507446,40.27878399327133,40.36586042798924,54.41996140632907,29.722641237073667,12.94714147477813,False
15,15,148,34,28,49.9418355713398,57.01841162904825,41.34896974972801,40.36586042798924,54.41996140632907,29.722641237073667,15.28472303282518,False
15,15,150,35,30,50.52106322477701,57.614194281273754,40.617664817873774,40.36586042798924,54.41996140632907,29.722641237073667,15.232623094183545,False
15,15,148,35,29,49.30586409198853,56.90531173535499,40.677872596224596,40.36586042798924,54.41996140632907,29.722641237073667,14.356800684791647,False
15,15,151,36,31,48.438299790640755,59.282944353124094,40.334510698308264,40.36586042798924,54.41996140632907,29.722641237073667,14.192415364087548,False
16,16,197,152,5,93.39183306391057,-3.380748232284609,90.4566472024593,89.28729453473801,-9.369011819826301,86.64778896041108,8.198410726437068,False
16,16,202,154,30,93.47950942091978,-0.6761817153193538,86.21276210956587,89.28729453473801,-9.369011819826301,86.64778896041108,9.660704386259969,False
16,16,199,153,42,89.76635112211659,1.5865583614098977,81.68420941762776,89.28729453473801,-9.369011819826301,86.64778896041108,12.037073360557361,False
16,16,197,155,52,90.75524376996742,0.3682780843023313,77.93393401993926,89.28729453473801,-9.369011819826301,86.64778896041108,13.1491808702231,False
16,16,188,151,61,89.6907695071339,-0.9290953785387849,70.14571726770305,89.28729453473801,-9.369011819826301,86.64778896041108,18.53950786133604,False
16,16,199,151,24,90.47528770234462,1.4351445316669438,88.05495201443503,89.28729453473801,-9.369011819826301,86.64778896041108,10.959983124731618,False
16,16,201,153,16,93.01543682988397,-0.05687544019825268,89.46606602119506,89.28729453473801,-9.369011819826301,86.64778896041108,10.419098546274988,False
16,16,202,156,12,94.89152527882847,-3.086405940477491,91.66267641196026,89.28729453473801,-9.369011819826301,86.64778896041108,9.799369113363495,False
16,16,202,155,16,92.74395547896249,-0.7052234156541726,90.18624546846057,89.28729453473801,-9.369011819826301,86.64778896041108,9.976492813356412,False
16,16,203,154,23,92.56805491263376,0.20018842938531675,90.13304804231565,89.28729453473801,-9.369011819826301,86.64778896041108,10.699533304526916,False
16,16,191,155,15,93.60319210023583,-5.478463876659067,88.95240377919238,89.28729453473801,-9.369011819826301,86.64778896041108,6.250966689792803,False
16,16,194,159,16,94.6923060202135,-6.764082642696316,90.00348912327541,89.28729453473801,-9.369011819826301,86.64778896041108,6.874629354302146,False
16,16,198,162,21,96.00224816685405,-6.914776232428923,90.25417706098989,89.28729453473801,-9.369011819826301,86.64778896041108,8.00749085119131,False
16,16,198,165,33,94.72563272100092,-7.16208986105277,87.05033529451654,89.28729453473801,-9.369011819826301,86.64778896041108,5.882862424992099,False
16,16,186,157,39,92.5712878872817,-7.661993599552456,80.49593474871502,89.28729453473801,-9.369011819826301,86.64778896041108,7.1794034421991215,False
16,16,188,151,18,93.7665568107725,-5.363582258581326,86.42372697617591,89.28729453473801,-9.369011819826301,86.64778896041108,6.0131073730958935,False
16,16,189,152,19,95.23827599959027,-6.517584066681466,86.42822180960111,89.28729453473801,-9.369011819826301,86.64778896041108,6.6025018258334915,False
16,16,188,151,19,94.99870775519419,-6.662976012022698,86.43247639944371,89.28729453473801,-9.369011819826301,86.64778896041108,6.323703840853654,False
16,16,186,151,20,93.72744472691708,-5.875227255310838,85.46352456615863,89.28729453473801,-9.369011819826301,86.64778896041108,5.772689708259791,False
16,16,186,151,18,94.44351767348344,-6.411300532131664,86.48485791087805,89.28729453473801,-9.369011819826301,86.64778896041108,5.946531732429584,False
17,17,133,72,105,42.22521678639541,42.830637913008374,-18.50535102646046,51.268929966402126,53.380608897211744,-21.531991632870138,14.221504463667976,False
17,17,134,76,108,40.55032015513042,43.41374483651778,-17.733109227396152,51.268929966402126,53.380608897211744,-21.531991632870138,15.121457701599502,False
17,17,132,83,115,43.999156411298195,40.283547638494724,-16.89434074524935,51.268929966402126,53.380608897211744,-21.531991632870138,15.680893689854688,False
17,17,135,90,123,46.579361198622095,38.677501652213984,-17.961118232308735,51.268929966402126,53.380608897211744,-21.531991632870138,15.840598307149907,False
17,17,133,89,120,47.77710634100783,35.52174774584578,-15.845946629703679,51.268929966402126,53.380608897211744,-21.531991632870138,19.06470198121818,False
17,17,129,72,107,42.50328863129462,41.317000497171634,-17.951701851805193,51.268929966402126,53.380608897211744,-21.531991632870138,15.335761818757542,False
17,17,143,72,106,45.89702570737144,46.79095774585181,-16.58034232456842,51.268929966402126,53.380608897211744,-21.531991632870138,9.838683272532771,False
17,17,144,74,110,43.12525861524446,47.7119528777593,-16.920464291403743,51.268929966402126,53.380608897211744,-21.531991632870138,10.941628240971845,False
17,17,132,76,113,43.50710797253263,41.78645503387186,-17.98392174304691,51.268929966402126,53.380608897211744,-21.531991632870138,14.396495560183583,False
17,17,132,75,112,41.05558519954942,44.39568063581331,-18.417737715381897,51.268929966402126,53.380608897211744,-21.531991632870138,13.954924745467629,False
17,17,121,51,97,41.597219306087936,51.380597701173684,-23.659471486574407,51.268929966402126,53.380608897211744,-21.531991632870138,10.102880896508198,False
17,17,121,54,97,42.02645221276858,48.43702001053653,-22.494745302135545,51.268929966402126,53.380608897211744,-21.531991632870138,10.525652508730927,False
17,17,123,56,97,42.35837242830466,47.93022569488022,-20.942425162328526,51.268929966402126,53.380608897211744,-21.531991632870138,10.461945388654543,False
17,17,124,64,102,43.817891426749796,45.17440844884792,-20.703307024487515,51.268929966402126,53.380608897211744,-21.531991632870138,11.115143692201249,False
17,17,106,59,91,38.71259313933239,38.60180605375482,-18.45635722795361,51.268929966402126,53.380608897211744,-21.531991632870138,19.63502317272135,False
17,17,121,56,98,40.39026978830206,48.79345647882677,-22.158519561339943,51.268929966402126,53.380608897211744,-21.531991632870138,11.822848718698383,False
17,17,114,52,91,43.02572094087868,44.51205121501142,-20.625569689758585,51.268929966402126,53.380608897211744,-21.531991632870138,12.14180427860455,False
17,17,113,51,90,42.76737498193933,44.13145567981719,-20.094141880571843,51.268929966402126,53.380608897211744,-21.531991632870138,12.644788820018643,False
17,17,116,54,93,43.57601575944252,45.494982490983645,-20.52689042210999,51.268929966402126,53.380608897211744,-21.531991632870138,11.062290054871747,False
17,17,123,58,100,42.389838048610244,48.134088846494784,-21.79798623102058,51.268929966402126,53.380608897211744,-21.531991632870138,10.316733933441215,False
18,18,41,120,143,61.83050625113908,-13.710810957858529,-29.730341971651224,54.40788104906747,-20.71930184044546,-24.688907726537046,11.38553330281646,False
18,18,49,125,149,60.968755081804254,-11.11214480004131,-29.3897493392838,54.40788104906747,-20.71930184044546,-24.688907726537046,12.547527499095523,False
18,18,54,130,155,63.27520203290823,-10.828216459858561,-29.4485726524336,54.40788104906747,-20.71930184044546,-24.688907726537046,14.110895139690198,False
18,18,59,133,159,63.61811888070728,-9.393644026997924,-29.800678010518137,54.40788104906747,-20.71930184044546,-24.688907726537046,15.467035955827688,False
18,18,64,130,153,65.73936173490918,-10.365773282371437,-26.837076682804057,54.40788104906747,-20.71930184044546,-24.688907726537046,15.498794727369201,False
18,18,48,126,148,64.84035414636472,-16.060933386025233,-29.084946633759056,54.40788104906747,-20.71930184044546,-24.688907726537046,12.241815619293488,False
18,18,50,130,152,65.01874712902651,-15.626210558569678,-29.412384594043377,54.40788104906747,-20.71930184044546,-24.688907726537046,12.68232200703845,False
18,18,55,140,161,66.46648875928074,-16.897671898908314,-29.93124819479902,54.40788104906747,-20.71930184044546,-24.688907726537046,13.69295471781183,False
18,18,54,143,166,68.49825201829829,-17.981661580140237,-30.283799269181422,54.40788104906747,-20.71930184044546,-24.688907726537046,15.40571451180828,False
18,18,46,131,154,66.09620225279839,-16.007701463877645,-29.312355075894978,54.40788104906747,-20.71930184044546,-24.688907726537046,13.42357240314011,False
18,18,6,115,145,61.29951218258176,-10.86674943969617,-36.970083399759645,54.40788104906747,-20.71930184044546,-24.688907726537046,17.187048740446645,False
18,18,10,117,149,60.657595733112,-9.49542720348377,-38.54008908306346,54.40788104906747,-20.71930184044546,-24.688907726537046,18.89151980306451,False
18,18,11,108,137,60.50448727558112,-10.466610083356585,-35.269188449144366,54.40788104906747,-20.71930184044546,-24.688907726537046,15.944548783713488,False
18,18,21,113,143,61.56807771661105,-9.479993575552626,-36.581054066031754,54.40788104906747,-20.71930184044546,-24.688907726537046,17.860952134506938,False
18,18,33,120,147,63.142611843084396,-9.93646356957552,-34.0488306542638,54.40788104906747,-20.71930184044546,-24.688907726537046,16.738377473120565,False
18,18,9,107,136,58.602038755386275,-9.697705050045787,-35.705742656936465,54.40788104906747,-20.71930184044546,-24.688907726537046,16.13806700194576,False
18,18,11,109,137,61.004974495301816,-11.61677265008159,-34.87292203415252,54.40788104906747,-20.71930184044546,-24.688907726537046,15.168778033101125,False
18,18,12,110,139,61.62030997162177,-10.563609979419937,-35.86780068964315,54.40788104906747,-20.71930184044546,-24.688907726537046,16.736930902037596,False
18,18,11,106,135,58.88575628818218,-9.50476578083873,-35.63275960403312,54.40788104906747,-20.71930184044546,-24.688907726537046,16.296781265202974,False
18,18,10,108,137,60.84195865403733,-9.323859094126135,-35.61555568311982,54.40788104906747,-20.71930184044546,-24.688907726537046,17.04831679605089,False
19,19,196,190,176,100.0,-1.1811052468678649,6.364575294028123,98.96399275988765,-0.0024330125741878206,0.0046118609988266,6.550703329179995,False
19,19,194,192,179,100.0,-0.6243864009183221,4.5945790278440235,98.96399275988765,-0.0024330125741878206,0.0046118609988266,4.7463602488174965,False
19,19,195,192,182,100.0,-0.2345700659161409,4.025427452880611,98.96399275988765,-0.0024330125741878206,0.0046118609988266,4.158624368348164,False
19,19,188,189,183,97.95995203957466,0.4059998459847628,1.624981231500334,98.96399275988765,-0.0024330125741878206,0.0046118609988266,1.9494902064018447,True
19,19,190,191,186,97.22565660189083,2.8337561161269766,0.7751817528960572,98.96399275988765,-0.0024330125741878206,0.0046118609988266,3.4146096892998328,False
19,19,192,194,191,97.42187082840393,2.725575713689395,0.05380522311625702,98.96399275988765,-0.0024330125741878206,0.0046118609988266,3.1341014101349294,False
19,19,192,190,177,100.0,-2.253498957016783,5.406800129351578,98.96399275988765,-0.0024330125741878206,0.0046118609988266,5.9434204776813955,False
19,19,189,188,177,100.0,-2.0858299739942083,4.695341282521909,98.96399275988765,-0.0024330125741878206,0.0046118609988266,5.236105079766989,False
19,19,188,188,178,98.76486998159373,-0.13526913535591323,3.76322816666746,98.96399275988765,-0.0024330125741878206,0.0046118609988266,3.7662304562505593,False
19,19,187,187,176,100.0,-3.522353389552122,5.617282361685978,98.96399275988765,-0.0024330125741878206,0.0046118609988266,6.705611128831843,False
19,19,174,176,165,95.9953190734572,0.38577285901562985,1.6204179961880385,98.96399275988765,-0.0024330125741878206,0.0046118609988266,3.402140020892212,False
19,19,182,182,170,96.15586798460683,1.8315882622169086,2.3080969726296265,98.96399275988765,-0.0024330125741878206,0.0046118609988266,4.068813395750296,False
19,19,183,185,174,96.56076526847174,1.546486175150104,1.1800003316533223,98.96399275988765,-0.0024330125741878206,0.0046118609988266,3.0913089594126912,False
19,19,183,184,176,96.42810326771523,1.5493656700049951,0.3099890679700737,98.96399275988765,-0.0024330125741878206,0.0046118609988266,2.9886568732965184,False
19,19,186,188,179,95.70182267218516,2.499393341750548,0.8422951031499577,98.96399275988765,-0.0024330125741878206,0.0046118609988266,4.195545495221745,False
19,19,181,181,169,94.52753282245241,2.16174377703248,2.2874070394309536,98.96399275988765,-0.0024330125741878206,0.0046118609988266,5.438473294943444,False
19,19,181,181,169,94.91906983289742,2.047162758176164,2.305047647962418,98.96399275988765,-0.0024330125741878206,0.0046118609988266,5.084707377884365,False
19,19,181,183,172,96.0468074610259,1.403386099890431,1.259713997572023,98.96399275988765,-0.0024330125741878206,0.0046118609988266,3.4729783785817707,False
19,19,181,183,172,97.63702957066513,-0.40238156495869687,2.4750204228495556,98.96399275988765,-0.0024330125741878206,0.0046118609988266,2.832615154335553,False
19,19,181,182,174,96.1273991992077,2.2930025901608415,0.5598110965907005,98.96399275988765,-0.0024330125741878206,0.0046118609988266,3.691007156047825,False
20,20,174,171,162,89.06636286860036,0.5797159371442316,1.2445137638902264,91.29298657001617,-0.002270669095361111,0.004304133218835382,2.614322368331603,False
20,20,170,168,157,88.51144745171675,-0.8301959211032867,2.7426792750070645,91.29298657001617,-0.002270669095361111,0.004304133218835382,3.990127630378007,False
20,20,168,169,163,89.74509162201605,-1.6112870634836762,1.2484201230320164,91.29298657001617,-0.002270669095361111,0.004304133218835382,2.555921971337056,False
20,20,167,169,164,87.8551414799045,0.8189356313049848,-0.20998382407075017,91.29298657001617,-0.002270669095361111,0.004304133218835382,3.5410560543517873,False
20,20,180,181,176,90.50038297968479,1.6139029619170655,-0.4091191413623569,91.29298657001617,-0.002270669095361111,0.004304133218835382,1.8469316340762383,True
20,20,173,170,160,90.5066294952313,-2.010192019966798,2.933948297860648,91.29298657001617,-0.002270669095361111,0.004304133218835382,3.6377081427417215,False
20,20,172,170,159,92.24215169665726,-4.003919281379979,3.777613138876097,91.29298657001617,-0.002270669095361111,0.004304133218835382,5.5813947097482,False
20,20,171,171,163,89.44326663010668,-1.0192023083990691,1.4338052069870468,91.29298657001617,-0.002270669095361111,0.004304133218835382,2.5493307229585116,False
20,20,164,167,161,89.75277367389843,-3.205118864855283,1.5853087202961145,91.29298657001617,-0.002270669095361111,0.004304133218835382,3.8897387874778135,False
20,20,160,166,166,85.0903706691482,2.3227507109570977,-3.106719881651534,91.29298657001617,-0.002270669095361111,0.004304133218835382,7.318240147228113,False
20,20,157,162,156,86.73569415392161,0.7246019460937021,-1.3731760637326555,91.29298657001617,-0.002270669095361111,0.004304133218835382,4.816088626416487,False
20,20,165,168,159,86.85201841347926,1.9308396236841412,-0.4982916856294866,91.29298657001617,-0.002270669095361111,0.004304133218835382,4.869467745919334,False
20,20,169,170,162,87.44655310990719,3.328275028970095,-1.0661108999037954,91.29298657001617,-0.002270669095361111,0.004304133218835382,5.199362783369055,False
20,20,170,173,166,87.87310898099426,3.052593138359982,-2.2099097660765628,91.29298657001617,-0.002270669095361111,0.004304133218835382,5.092199799480357,False
20,20,162,165,158,86.97066280296829,2.415448989213073,-1.504310334711142,91.29298657001617,-0.002270669095361111,0.004304133218835382,5.177235623979813,False
20,20,153,156,147,85.75865923419326,-0.25163045435003256,0.2818506749299027,91.29298657001617,-0.002270669095361111,0.004304133218835382,5.546890249982843,False
20,20,155,158,148,88.19778460108161,-2.6972334952916723,1.8551923526419507,91.29298657001617,-0.002270669095361111,0.004304133218835382,4.502098073551448,False
20,20,156,157,149,87.74583808309656,-1.0849378192722103,0.648626178513527,91.29298657001617,-0.002270669095361111,0.004304133218835382,3.7642504492104236,False
20,20,154,157,149,85.95863382479422,0.8423903260967659,-0.6922780445688069,91.29298657001617,-0.002270669095361111,0.004304133218835382,5.445548469866674,False
20,20,152,157,151,87.49649756404713,-0.28526274904359256,-1.089060769638105,91.29298657001617,-0.002270669095361111,0.004304133218835382,3.9609165732891363,False
21,21,156,158,153,83.90518446282663,-0.8534718855757154,-3.3567917069196964,80.60408285838321,-0.002044457074468209,0.003875340368453273,4.787095515194114,False
21,21,159,161,156,84.03313489294973,-0.7833450811769025,-3.013941552097659,80.60408285838321,-0.002044457074468209,0.003875340368453273,4.634225643777124,False
21,21,161,165,164,84.50487524524972,0.7223547007281499,-5.757972626627311,80.60408285838321,-0.002044457074468209,0.003875340368453273,6.99570063539272,False
21,21,162,168,168,85.10999833201178,0.03128813376858483,-5.476767426992872,80.60408285838321,-0.002044457074468209,0.003875340368453273,7.095197704118452,False
21,21,164,172,175,84.57845802192337,0.8438359333115788,-6.4010757631457595,80.60408285838321,-0.002044457074468209,0.003875340368453273,7.585154593929675,False
21,21,154,156,151,85.33655325880399,-2.563540307447349,-2.4873713932537105,80.60408285838321,-0.002044457074468209,0.003875340368453273,5.929911244708424,False
21,21,154,156,151,84.21327619955346,-1.9368768292696734,-2.1549467756380536,80.60408285838321,-0.002044457074468209,0.003875340368453273,4.629294310259507,False
21,21,154,156,153,83.27068308709251,0.019229739544902112,-4.395353321999574,80.60408285838321,-0.002044457074468209,0.003875340368453273,5.1443582879689345,False
21,21,157,159,156,84.27472753106356,-0.8602760093084187,-2.9512564853342984,80.60408285838321,-0.002044457074468209,0.003875340368453273,4.789884948264189,False
21,21,150,158,161,81.75003042157208,0.5714918596878057,-6.412489478060019,80.60408285838321,-0.002044457074468209,0.003875340368453273,6.54307857261323,False
21,21,134,143,142,81.68255986475899,-1.564588516651093,-5.784762254567341,80.60408285838321,-0.002044457074468209,0.003875340368453273,6.092042497956125,False
21,21,141,150,147,80.60436872309332,0.448878408986247,-5.934990712168411,80.60408285838321,-0.002044457074468209,0.003875340368453273,5.9559601663232975,False
21,21,143,152,149,80.79291099204521,0.7044505896382506,-6.051852892207354,80.60408285838321,-0.002044457074468209,0.003875340368453273,6.099724234906655,False
21,21,146,156,156,80.98541943392239,2.184034670087021,-8.317598458182434,80.60408285838321,-0.002044457074468209,0.003875340368453273,8.61227529251266,False
21,21,152,161,160,82.69391293257226,2.54059811871946,-7.662500260520756,80.60408285838321,-0.002044457074468209,0.003875340368453273,8.34300520562791,False
21,21,141,150,147,82.26701677524936,-2.3057563341531897,-4.8824465824434045,80.60408285838321,-0.002044457074468209,0.003875340368453273,5.652307454288835,False
21,21,143,152,149,83.98981362916435,-2.503587428217193,-4.935823101680256,80.60408285838321,-0.002044457074468209,0.003875340368453273,6.490108688386217,False
21,21,141,150,149,80.12188449578322,1.3152727686274737,-7.48635277367017,80.60408285838321,-0.002044457074468209,0.003875340368453273,7.6204564912057435,False
21,21,140,150,151,81.4929976448671,0.44170183191546264,-7.1153248034849925,80.60408285838321,-0.002044457074468209,0.003875340368453273,7.188191076680208,False
21,21,142,151,150,82.4567410095219,-0.5490388968956263,-6.2387937568589935,80.60408285838321,-0.002044457074468209,0.003875340368453273,6.534712128292605,False
22,22,103,107,108,58.210696100508,-0.239740865006275,-7.026994590144706,59.37717565870767,-0.1958150506504719,0.5334793893303713,7.65005691685913,False
22,22,106,110,111,59.87704822710744,-1.9278930438968866,-5.4896416453802965,59.37717565870767,-0.1958150506504719,0.5334793893303713,6.287126033260445,False
22,22,111,116,119,61.12094200224046,0.1657764644590226,-6.686581957030247,59.37717565870767,-0.1958150506504719,0.5334793893303713,7.436447762866866,False
22,22,116,121,124,61.14952873021295,1.5949996845130576,-7.0115334019250035,59.37717565870767,-0.1958150506504719,0.5334793893303713,7.954588037476249,False
22,22,119,127,134,63.011686650051324,3.1568384248766064,-7.0940090571779875,59.37717565870767,-0.1958150506504719,0.5334793893303713,9.090023953476697,False
22,22,99,103,104,56.9434119310382,0.756401826099035,-7.020099190123911,59.37717565870767,-0.1958150506504719,0.5334793893303713,7.992901364240445,False
22,22,119,123,124,60.952710359079155,0.5409435628743805,-7.163082225120245,59.37717565870767,-0.1958150506504719,0.5334793893303713,7.890638981205034,False
22,22,120,122,122,62.25412125460107,-0.10683798842658614,-4.958916047692173,59.37717565870767,-0.1958150506504719,0.5334793893303713,6.200898363621071,False
22,22,120,124,125,60.55774192622976,1.745789624285914,-6.8687657766420225,59.37717565870767,-0.1958150506504719,0.5334793893303713,7.743177572735081,False
22,22,111,116,119,59.88013391480021,-0.039415105737572335,-7.613352110250376,59.37717565870767,-0.1958150506504719,0.5334793893303713,8.163840483050945,False
22,22,93,102,107,58.20248119751784,1.1625229150467975,-9.182368821879255,59.37717565870767,-0.1958150506504719,0.5334793893303713,9.880419807349783,False
22,22,101,106,109,59.48338281988876,2.3336450528000343,-8.55673041547742,59.37717565870767,-0.1958150506504719,0.5334793893303713,9.43617309461085,False
22,22,104,111,113,61.17563758593448,1.282586837782646,-8.211894712669313,59.37717565870767,-0.1958150506504719,0.5334793893303713,9.049956112121967,False
22,22,115,123,126,65.49115758839899,2.07464125488539,-8.176756420766761,59.37717565870767,-0.1958150506504719,0.5334793893303713,10.881358129362253,False
22,22,107,114,118,62.73514741088847,2.9514335469879693,-8.583115783680649,59.37717565870767,-0.1958150506504719,0.5334793893303713,10.212416735148894,False
22,22,88,96,99,56.93930748864347,-0.7173349827702015,-7.530336319229313,59.37717565870767,-0.1958150506504719,0.5334793893303713,8.44039738613202,False
22,22,89,97,99,57.50825265073369,-1.125141910001657,-6.736304882311346,59.37717565870767,-0.1958150506504719,0.5334793893303713,7.563483653545855,False
22,22,90,98,101,55.65648804282509,2.2621174996197224,-8.432202527926293,59.37717565870767,-0.1958150506504719,0.5334793893303713,10.013411057081543,False
22,22,89,97,100,58.63635769630651,-2.0437186549972046,-6.919086335803032,59.37717565870767,-0.1958150506504719,0.5334793893303713,7.713902700436856,False
22,22,90,98,101,59.34407616951032,-0.17964469301632055,-7.176639901452862,59.37717565870767,-0.1958150506504719,0.5334793893303713,7.7102072951872636,False
23,23,74,77,79,34.98556439915352,2.5832755048389364,-7.5118428902120025,42.3746032571989,-0.0012353967562273027,0.002341738048761144,10.850832340136824,False
23,23,81,82,83,38.33326904410116,3.0020308522187977,-5.456405761793413,42.3746032571989,-0.0012353967562273027,0.002341738048761144,7.426298852808177,False
23,23,73,73,73,39.20856302604154,-0.2856268514211431,-3.728535567278452,42.3746032571989,-0.0012353967562273027,0.002341738048761144,4.9014421053603225,False
23,23,73,72,72,40.620621565056005,-1.0599197165604854,-2.224157066013976,42.3746032571989,-0.0012353967562273027,0.002341738048761144,3.0256505399442037,False
23,23,82,83,85,39.707835113570255,4.9362625064287045,-3.750819573525759,42.3746032571989,-0.0012353967562273027,0.002341738048761144,6.751056043799958,False
23,23,73,73,73,36.341710063148575,0.5334262745748042,-3.071480931171663,42.3746032571989,-0.0012353967562273027,0.002341738048761144,6.791910570334579,False
23,23,79,79,79,33.47290988986186,4.158168772354951,-5.7084764904847045,42.3746032571989,-0.0012353967562273027,0.002341738048761144,11.36460437883615,False
23,23,76,76,76,33.75546610275406,1.8987874167795258,-4.579267051897359,42.3746032571989,-0.0012353967562273027,0.002341738048761144,9.944382891019398,False
23,23,77,77,79,35.852192242310885,2.2279324235024056,-6.13180842637645,42.3746032571989,-0.0012353967562273027,0.002341738048761144,9.227070654206944,False
23,23,77,78,82,38.140148548203285,1.2249850470812373,-5.724454621700192,42.3746032571989,-0.0012353967562273027,0.002341738048761144,7.227061630113164,False
23,23,44,53,60,29.759133189450637,3.173206381742757,-9.943014560612994,42.3746032571989,-0.0012353967562273027,0.002341738048761144,16.374897787243228,False
23,23,52,60,63,34.49236726132825,-0.2690409108075751,-6.811996206261649,42.3746032571989,-0.0012353967562273027,0.002341738048761144,10.422886630258622,False
23,23,58,66,69,34.94825514217447,2.9982012776478886,-8.226471332967245,42.3746032571989,-0.0012353967562273027,0.002341738048761144,11.483058444813873,False
23,23,73,81,83,41.51425590324834,3.246452570316997,-7.858637129318738,42.3746032571989,-0.0012353967562273027,0.002341738048761144,8.548839889372145,False
23,23,85,91,91,46.37223238104814,3.9948913677469973,-5.793761094254714,42.3746032571989,-0.0012353967562273027,0.002341738048761144,8.095978987896586,False
23,23,55,64,67,33.355306209709134,2.6116896489385004,-8.375668429731169,42.3746032571989,-0.0012353967562273027,0.002341738048761144,12.584361362290114,False
23,23,61,69,72,39.08950851539014,-0.031732969411375274,-7.032383665442358,42.3746032571989,-0.0012353967562273027,0.002341738048761144,7.764028533378834,False
23,23,60,65,68,36.86019633290658,2.178877413405441,-7.6441899084286415,42.3746032571989,-0.0012353967562273027,0.002341738048761144,9.676312407745757,False
23,23,63,71,74,39.87237304128033,0.44255721196097303,-7.661426793427366,42.3746032571989,-0.0012353967562273027,0.002341738048761144,8.074122617167246,False
23,23,64,74,76,39.69116341981141,1.552459599510891,-7.7615126365800045,42.3746032571989,-0.0012353967562273027,0.002341738048761144,8.360158626051655,False
24,24,43,41,42,20.021494972261,2.573713371850796,-3.9385713054192872,20.78777714137035,-0.0007785491979717118,0.0014757674169030288,4.768560364555045,False
24,24,46,44,45,24.0491835098109,3.092771046808544,-4.159831710366677,20.78777714137035,-0.0007785491979717118,0.0014757674169030288,6.125626541645695,False
24,24,51,49,50,25.50664309340509,1.879995270684245,-2.7392949185550672,20.78777714137035,-0.0007785491979717118,0.0014757674169030288,5.772073283310802,False
24,24,65,64,62,33.59637606333044,1.6728408646554953,0.3945918361686248,20.78777714137035,-0.0007785491979717118,0.0014757674169030288,12.92345729785862,False
24,24,76,76,76,38.27952832862198,4.88700479311425,-0.560358058792538,20.78777714137035,-0.0007785491979717118,0.0014757674169030288,18.170510252779824,False
24,24,47,47,49,22.206245153514562,1.7906200690966156,-3.1527544266181096,20.78777714137035,-0.0007785491979717118,0.0014757674169030288,3.8949106059146295,False
24,24,49,47,48,22.87758938856913,2.3530511304317345,-2.7382734751503075,20.78777714137035,-0.0007785491979717118,0.0014757674169030288,4.1730151331375875,False
24,24,42,42,44,18.37018542162514,2.210740735376765,-4.829434609153203,20.78777714137035,-0.0007785491979717118,0.0014757674169030288,5.837230707782524,False
24,24,39,40,45,16.04713964482719,4.940315219312323,-3.778554622715854,20.78777714137035,-0.0007785491979717118,0.0014757674169030288,7.821552355713631,False
24,24,36,36,38,17.3729729451866,1.3472179909408843,-3.7622507218633983,20.78777714137035,-0.0007785491979717118,0.0014757674169030288,5.257719986516084,False
24,24,25,30,34,23.01742278993557,1.1707753315316163,-6.556404978185799,20.78777714137035,-0.0007785491979717118,0.0014757674169030288,7.024931180244048,False
24,24,26,30,33,19.89131780326431,1.3034057678341497,-5.78882220222905,20.78777714137035,-0.0007785491979717118,0.0014757674169030288,6.002673292372,False
24,24,28,32,33,20.870869505752,0.41018373272233494,-3.8801238669170814,20.78777714137035,-0.0007785491979717118,0.0014757674169030288,3.904178538366477,False
24,24,49,53,54,29.456339803041445,4.245037474126592,-4.872006788273054,20.78777714137035,-0.0007785491979717118,0.0014757674169030288,10.813036786391333,False
24,24,70,72,72,39.74005327724378,4.3855590808143035,-3.1234767674429293,20.78777714137035,-0.0007785491979717118,0.0014757674169030288,19.702640860554357,False
24,24,28,33,36,19.44643091650485,3.687024119429993,-6.878768327111523,20.78777714137035,-0.0007785491979717118,0.0014757674169030288,7.920660137765901,False
24,24,31,35,38,22.913669230099625,1.3251373129585091,-5.8512361729288145,20.78777714137035,-0.0007785491979717118,0.0014757674169030288,6.366451688586447,False
24,24,34,38,39,24.004725215946372,1.2982584094043181,-5.001338821660961,20.78777714137035,-0.0007785491979717118,0.0014757674169030288,6.08805434823174,False
24,24,35,39,40,25.33986249762911,1.0722860796017566,-4.998813256241356,20.78777714137035,-0.0007785491979717118,0.0014757674169030288,6.846593248350877,False
24,24,31,36,39,22.003638520783948,2.4986867348700286,-6.291516210878688,20.78777714137035,-0.0007785491979717118,0.0014757674169030288,6.879490797951788,False
